id,first_name,last_name,email,gender,ip_address
1,Abba,Bulbeck,abulbeck0@imdb.com,Male,224.47.207.187
2,Adria,Niland,aniland1@goo.gl,Female,179.16.131.241
3,Donall,Winspear,dwinspear2@buzzfeed.com,Male,56.177.89.35
4,Donaugh,Somes,dsomes3@weibo.com,Male,180.200.160.193
5,Brett,Creamer,bcreamer4@nytimes.com,Male,244.148.21.52
6,Daveta,Mendez,dmendez5@indiegogo.com,Female,126.106.61.245
7,Laurice,Beaford,lbeaford6@elpais.com,Female,130.194.59.77
8,Zorah,Ody,zody7@sitemeter.com,Female,221.112.254.61
9,Evelina,Zorzenoni,ezorzenoni8@marketwatch.com,Female,67.225.62.176
10,Sabrina,Checci,schecci9@cmu.edu,Female,224.234.159.224
11,Mandi,Berlin,mberlina@people.com.cn,Female,238.142.219.3
12,Ingamar,Fasey,ifaseyb@nyu.edu,Male,173.182.193.217
13,Lucina,Brindle,lbrindlec@earthlink.net,Female,146.38.97.74
14,Kordula,Dyball,kdyballd@shinystat.com,Female,53.26.8.111
15,Baily,McCullum,bmccullume@bloomberg.com,Male,26.176.118.49
16,Graig,Northover,gnorthoverf@mapy.cz,Male,203.92.231.152
17,Simon,Portingale,sportingaleg@baidu.com,Male,249.48.44.98
18,Gretta,Wheelan,gwheelanh@4shared.com,Female,18.186.98.236
19,Welbie,Pottberry,wpottberryi@godaddy.com,Male,186.115.85.161
20,Andee,Berget,abergetj@va.gov,Female,69.207.63.171
21,Izak,Dureden,iduredenk@photobucket.com,Male,66.249.239.22
22,Cam,Wressell,cwresselll@squarespace.com,Male,2.87.106.78
23,Robbie,Le Barr,rlebarrm@addtoany.com,Male,107.128.54.216
24,Clementine,Kingham,ckinghamn@bbb.org,Female,84.21.157.209
25,Brigida,Deinhardt,bdeinhardto@hao123.com,Female,215.242.113.246
26,Margo,Threader,mthreaderp@dyndns.org,Female,72.155.122.108
27,Coretta,Dalla,cdallaq@accuweather.com,Female,25.226.221.83
28,Cammy,Dufer,cduferr@ca.gov,Female,122.51.163.108
29,Franny,Spread,fspreads@phpbb.com,Female,9.82.251.49
30,Gael,Smellie,gsmelliet@geocities.jp,Male,12.204.201.139
31,Shermy,Rumble,srumbleu@yale.edu,Male,40.25.62.5
32,Celle,Merrell,cmerrellv@macromedia.com,Female,117.120.96.190
33,Blanche,Cowl,bcowlw@ucla.edu,Female,12.48.7.102
34,Cecilio,Bromidge,cbromidgex@netlog.com,Male,32.147.166.248
35,Nye,Eakeley,neakeleyy@feedburner.com,Male,212.232.223.26
36,Fiann,Rippen,frippenz@wsj.com,Female,10.154.253.169
37,Baudoin,Laise,blaise10@census.gov,Male,9.213.124.203
38,Addie,Chancelier,achancelier11@privacy.gov.au,Male,126.23.13.11
39,Markus,Otton,motton12@nature.com,Male,31.228.135.31
40,Drake,Mayoral,dmayoral13@tripod.com,Male,169.236.111.153
41,Pansy,Robertelli,probertelli14@hubpages.com,Female,237.246.218.46
42,Amye,Farnish,afarnish15@gizmodo.com,Female,159.249.162.97
43,Etti,Lawford,elawford16@de.vu,Female,100.44.162.27
44,Christoforo,Darben,cdarben17@imdb.com,Male,1.127.131.79
45,Karol,Baudry,kbaudry18@nhs.uk,Female,190.125.202.135
46,Kean,Wathey,kwathey19@yolasite.com,Male,135.180.175.206
47,Marguerite,Bossel,mbossel1a@amazon.com,Female,12.85.83.218
48,Betty,Lyptrade,blyptrade1b@weather.com,Female,99.44.12.67
49,Darell,Benedick,dbenedick1c@hibu.com,Female,122.79.101.100
50,Kennan,Crump,kcrump1d@hc360.com,Male,71.29.91.181
51,Findlay,Shiels,fshiels1e@bigcartel.com,Male,202.17.48.214
52,Sandy,Witherup,switherup1f@china.com.cn,Male,171.65.50.172
53,Junia,Fairy,jfairy1g@delicious.com,Female,128.46.215.125
54,Phoebe,Deavin,pdeavin1h@privacy.gov.au,Female,83.31.225.23
55,Horton,Shmyr,hshmyr1i@hhs.gov,Male,173.83.85.106
56,Becky,Assinder,bassinder1j@amazon.com,Female,161.204.6.186
57,Sibbie,Vasyutkin,svasyutkin1k@themeforest.net,Female,135.121.170.162
58,Marius,Monahan,mmonahan1l@blogspot.com,Male,48.17.63.67
59,Daile,D'Angeli,ddangeli1m@hexun.com,Female,7.18.56.108
60,Samara,Saynor,ssaynor1n@bigcartel.com,Female,24.12.196.43
61,Olenka,Thaw,othaw1o@dedecms.com,Female,164.126.222.4
62,Cob,Aldwick,caldwick1p@chicagotribune.com,Male,41.204.10.166
63,Kary,Mallabund,kmallabund1q@networksolutions.com,Female,41.190.21.78
64,Eric,Stopps,estopps1r@harvard.edu,Male,198.49.254.155
65,Ulrika,Mandrake,umandrake1s@hatena.ne.jp,Female,247.213.170.27
66,Miguela,Falla,mfalla1t@omniture.com,Female,192.154.126.144
67,Emily,Dilrew,edilrew1u@sphinn.com,Female,101.99.1.177
68,Lida,Jupp,ljupp1v@marriott.com,Female,203.52.242.94
69,Wallis,Tinner,wtinner1w@mac.com,Male,189.90.137.209
70,Frayda,Phinnis,fphinnis1x@bigcartel.com,Female,197.7.117.239
71,Britt,Prester,bprester1y@youtu.be,Male,75.131.73.45
72,Violette,Sebley,vsebley1z@cbc.ca,Female,254.206.254.155
73,Rosco,Durnin,rdurnin20@1688.com,Male,155.129.41.18
74,Dane,Veldstra,dveldstra21@purevolume.com,Male,245.239.51.38
75,Harwilll,Gyse,hgyse22@prlog.org,Male,30.218.207.68
76,Smith,Farman,sfarman23@issuu.com,Male,180.219.115.220
77,Kerrin,Geeraert,kgeeraert24@seesaa.net,Female,200.20.233.160
78,Patrick,Mosconi,pmosconi25@webmd.com,Male,208.235.8.20
79,Joelly,Skeat,jskeat26@4shared.com,Female,217.41.156.143
80,Lauree,Armitage,larmitage27@geocities.com,Female,43.244.146.250
81,Cesar,Walduck,cwalduck28@chron.com,Male,205.31.73.148
82,Dagny,McEwan,dmcewan29@csmonitor.com,Male,36.84.87.11
83,Yasmin,Godon,ygodon2a@indiegogo.com,Female,173.149.122.108
84,Bronny,Dennett,bdennett2b@umich.edu,Male,113.102.171.14
85,Olwen,Copcott,ocopcott2c@hhs.gov,Female,114.65.225.197
86,Oralee,Collingworth,ocollingworth2d@usa.gov,Female,143.235.156.131
87,Anderson,Dannell,adannell2e@seattletimes.com,Male,80.112.160.233
88,Hatty,Straughan,hstraughan2f@cargocollective.com,Female,12.224.89.101
89,Nance,Imm,nimm2g@nasa.gov,Female,11.195.58.148
90,Rosabelle,Sporrij,rsporrij2h@nasa.gov,Female,222.152.202.110
91,Wain,Serrier,wserrier2i@twitter.com,Male,203.177.200.177
92,Donny,Clinnick,dclinnick2j@nps.gov,Male,68.99.12.35
93,Lind,Beverstock,lbeverstock2k@baidu.com,Female,111.236.72.75
94,Wiley,Speake,wspeake2l@ox.ac.uk,Male,118.99.16.205
95,Garvey,Picot,gpicot2m@foxnews.com,Male,84.123.97.26
96,Corey,Seedhouse,cseedhouse2n@google.it,Female,249.237.241.144
97,Lisette,Adolphine,ladolphine2o@disqus.com,Female,146.106.188.250
98,Fernando,Ferreira,fferreira2p@senate.gov,Male,121.190.230.250
99,Davey,Janacek,djanacek2q@fastcompany.com,Male,85.241.39.237
100,Noach,Beston,nbeston2r@senate.gov,Male,208.254.17.8
101,Jillana,Jimes,jjimes2s@msn.com,Female,112.13.170.73
102,Jenifer,Menichino,jmenichino2t@guardian.co.uk,Female,159.6.182.105
103,Ardelis,Obin,aobin2u@google.it,Female,214.50.180.178
104,Trumaine,List,tlist2v@unc.edu,Male,104.42.111.40
105,Alyss,Garmey,agarmey2w@mit.edu,Female,35.183.232.54
106,Tait,Rubinov,trubinov2x@csmonitor.com,Male,41.104.84.208
107,Benoite,Ivashinnikov,bivashinnikov2y@51.la,Female,49.214.155.222
108,Kingston,Utterson,kutterson2z@comcast.net,Male,10.214.225.226
109,Ramon,Kinastan,rkinastan30@time.com,Male,145.168.103.148
110,Frederic,Ronald,fronald31@boston.com,Male,153.65.115.58
111,Bret,Sherrard,bsherrard32@statcounter.com,Male,84.56.124.252
112,Siobhan,Hellyer,shellyer33@oracle.com,Female,167.75.96.155
113,Peder,Grono,pgrono34@huffingtonpost.com,Male,47.199.208.102
114,Jessee,Berkelay,jberkelay35@barnesandnoble.com,Male,60.90.124.160
115,Sylvan,Desaur,sdesaur36@jimdo.com,Male,174.52.114.61
116,Zak,Risdall,zrisdall37@ucoz.ru,Male,249.244.176.181
117,Tuckie,Gidney,tgidney38@unc.edu,Male,123.201.68.2
118,Ida,Westman,iwestman39@timesonline.co.uk,Female,162.21.124.147
119,Richart,Cerith,rcerith3a@toplist.cz,Male,66.194.62.171
120,Alvy,Calbaithe,acalbaithe3b@ameblo.jp,Male,72.181.57.247
121,Davie,Rushe,drushe3c@purevolume.com,Male,56.146.102.89
122,Laryssa,Bancroft,lbancroft3d@hp.com,Female,78.131.237.88
123,Sena,Camplen,scamplen3e@ftc.gov,Female,211.63.46.188
124,Merilyn,Grafhom,mgrafhom3f@spotify.com,Female,99.65.71.164
125,Berenice,Crolla,bcrolla3g@bizjournals.com,Female,83.43.186.240
126,Karolina,Custard,kcustard3h@irs.gov,Female,242.68.1.221
127,Marlin,Wandrich,mwandrich3i@cargocollective.com,Male,93.1.232.140
128,Karlen,Woolfoot,kwoolfoot3j@studiopress.com,Female,182.148.114.135
129,Gilbertina,Lithgow,glithgow3k@1und1.de,Female,114.217.35.249
130,Geordie,Greenhalgh,ggreenhalgh3l@globo.com,Male,224.196.53.235
131,Nonie,Concannon,nconcannon3m@google.co.uk,Female,33.160.89.251
132,Electra,Wicklen,ewicklen3n@miibeian.gov.cn,Female,39.228.92.69
133,Witty,Waring,wwaring3o@is.gd,Male,102.236.119.175
134,Stinky,Morville,smorville3p@twitpic.com,Male,99.198.162.44
135,Jephthah,Adie,jadie3q@com.com,Male,69.140.101.79
136,Shell,Harkin,sharkin3r@indiegogo.com,Female,214.189.11.28
137,Marlena,Stidson,mstidson3s@tmall.com,Female,11.41.23.137
138,Joshuah,Dunkerton,jdunkerton3t@people.com.cn,Male,131.31.198.126
139,Barton,Semeniuk,bsemeniuk3u@dion.ne.jp,Male,115.240.209.172
140,Doy,Lodwick,dlodwick3v@illinois.edu,Male,129.144.228.157
141,Mahala,Kencott,mkencott3w@bluehost.com,Female,168.73.82.71
142,Carrissa,Van der Velde,cvandervelde3x@drupal.org,Female,128.171.227.212
143,Abdel,Probbings,aprobbings3y@japanpost.jp,Male,122.9.199.90
144,Quinn,Cochern,qcochern3z@t-online.de,Male,125.53.240.108
145,Reidar,Tilley,rtilley40@bbb.org,Male,109.39.176.28
146,Sibeal,Hansbury,shansbury41@discovery.com,Female,73.73.104.208
147,Janet,Dedenham,jdedenham42@pbs.org,Female,73.4.164.211
148,Horace,Oliveras,holiveras43@unblog.fr,Male,150.243.79.213
149,Gussi,Renfield,grenfield44@independent.co.uk,Female,46.225.255.38
150,Allina,Rainy,arainy45@google.ru,Female,97.6.236.54
151,Arney,Tinman,atinman46@va.gov,Male,127.23.166.179
152,Ansley,Milkin,amilkin47@simplemachines.org,Female,117.12.81.121
153,Mathias,Deedes,mdeedes48@spiegel.de,Male,101.24.255.147
154,Ruperta,Spink,rspink49@ovh.net,Female,53.164.173.196
155,Jodee,Izat,jizat4a@google.fr,Female,90.181.237.13
156,Ursala,MacAskill,umacaskill4b@nbcnews.com,Female,100.88.222.190
157,Elana,Whardley,ewhardley4c@google.ca,Female,173.247.230.66
158,Averil,Gerard,agerard4d@shareasale.com,Female,149.207.15.189
159,Gareth,Woodcraft,gwoodcraft4e@mysql.com,Male,14.248.64.221
160,Donny,Blogg,dblogg4f@accuweather.com,Female,41.69.236.139
161,Madge,Southway,msouthway4g@so-net.ne.jp,Female,164.239.251.194
162,Alexandra,Makeswell,amakeswell4h@mac.com,Female,115.188.188.18
163,Melisande,Stuck,mstuck4i@china.com.cn,Female,54.174.146.112
164,Melisenda,Cavil,mcavil4j@a8.net,Female,20.215.204.139
165,Lois,Brauner,lbrauner4k@infoseek.co.jp,Female,162.201.160.179
166,Giuseppe,Bubeer,gbubeer4l@twitter.com,Male,77.180.13.14
167,Denna,Gofton,dgofton4m@digg.com,Female,119.28.225.144
168,Lizbeth,Quenby,lquenby4n@opera.com,Female,5.178.42.64
169,Kathe,Mogenot,kmogenot4o@newsvine.com,Female,95.189.54.54
170,Roxy,Rosenwasser,rrosenwasser4p@tamu.edu,Female,174.212.125.77
171,Cyndia,Bousquet,cbousquet4q@eepurl.com,Female,63.66.36.165
172,Ebeneser,Sturm,esturm4r@ft.com,Male,191.148.72.17
173,Fiona,Cogdon,fcogdon4s@diigo.com,Female,98.213.252.7
174,Koressa,Golde,kgolde4t@boston.com,Female,90.55.103.212
175,Ricoriki,Spight,rspight4u@dell.com,Male,79.108.25.55
176,Erin,Duprey,eduprey4v@apache.org,Male,114.92.0.123
177,Gratiana,Such,gsuch4w@about.com,Female,184.185.17.69
178,Norri,Schustl,nschustl4x@geocities.com,Female,108.111.108.164
179,Cheslie,Guilaem,cguilaem4y@loc.gov,Female,82.153.220.173
180,Sindee,Germon,sgermon4z@multiply.com,Female,168.178.164.8
181,Weber,Snibson,wsnibson50@cyberchimps.com,Male,169.115.8.233
182,Dayle,Frossell,dfrossell51@prweb.com,Female,234.50.205.63
183,Marci,Coston,mcoston52@gizmodo.com,Female,149.198.166.49
184,Polly,Walklot,pwalklot53@acquirethisname.com,Female,218.215.218.241
185,Lou,Terrans,lterrans54@va.gov,Female,179.150.58.132
186,Melisse,Savile,msavile55@bloglovin.com,Female,46.203.221.8
187,Pearce,Izatson,pizatson56@bloomberg.com,Male,127.9.228.13
188,Guy,Dodamead,gdodamead57@reuters.com,Male,14.82.152.182
189,Alexa,Burgoyne,aburgoyne58@de.vu,Female,137.68.177.180
190,Chilton,Blasing,cblasing59@nps.gov,Male,83.39.115.66
191,Shanna,Martinez,smartinez5a@cbsnews.com,Female,217.0.87.38
192,Tabbitha,Sawden,tsawden5b@t.co,Female,223.221.42.191
193,Jean,Bristowe,jbristowe5c@shutterfly.com,Female,154.140.193.247
194,Hodge,O'Fairy,hofairy5d@zdnet.com,Male,161.201.76.104
195,Dionisio,Jamblin,djamblin5e@eventbrite.com,Male,34.159.222.245
196,Kit,Searchwell,ksearchwell5f@twitpic.com,Female,48.184.94.20
197,Gael,Lanmeid,glanmeid5g@nbcnews.com,Female,141.0.186.92
198,Elroy,MacKeeg,emackeeg5h@ox.ac.uk,Male,170.202.1.194
199,Irvine,Jarrette,ijarrette5i@ucsd.edu,Male,118.22.87.134
200,Waylen,Hullins,whullins5j@jalbum.net,Male,33.33.252.14
201,Clark,FitzGilbert,cfitzgilbert5k@about.com,Male,132.88.162.111
202,Nelle,Wafer,nwafer5l@amazon.de,Female,236.235.223.196
203,Ban,Pigram,bpigram5m@soundcloud.com,Male,55.45.18.210
204,Constantin,Tortis,ctortis5n@skype.com,Male,190.68.43.212
205,Kattie,Fussell,kfussell5o@eepurl.com,Female,213.87.141.42
206,Aloysius,Rippingale,arippingale5p@tuttocitta.it,Male,210.63.49.119
207,Deina,Pledger,dpledger5q@cbc.ca,Female,162.71.172.9
208,Quint,Pierro,qpierro5r@alexa.com,Male,36.182.165.222
209,Alexa,Le Lievre,alelievre5s@forbes.com,Female,160.240.254.212
210,Fiorenze,Jonke,fjonke5t@nps.gov,Female,154.229.28.58
211,Salli,Jerwood,sjerwood5u@mapy.cz,Female,210.11.175.12
212,Padraic,Lenard,plenard5v@cbc.ca,Male,233.35.130.38
213,Bernice,Spofford,bspofford5w@shareasale.com,Female,202.159.118.252
214,Geoffrey,Edghinn,gedghinn5x@youtu.be,Male,195.94.253.89
215,Maritsa,Bottle,mbottle5y@shop-pro.jp,Female,114.118.169.19
216,Garold,Charlton,gcharlton5z@narod.ru,Male,189.146.71.57
217,Wash,Meah,wmeah60@tiny.cc,Male,74.75.52.160
218,Dennison,Bunney,dbunney61@geocities.jp,Male,76.4.51.32
219,Moise,Whinray,mwhinray62@zimbio.com,Male,168.7.81.157
220,Valentin,Nulty,vnulty63@meetup.com,Male,60.142.14.123
221,Sherlocke,Hynson,shynson64@cam.ac.uk,Male,185.215.251.129
222,Johann,MacNeice,jmacneice65@oracle.com,Male,224.239.140.82
223,Gail,Parcells,gparcells66@bigcartel.com,Male,167.122.26.104
224,Alfie,Fearneley,afearneley67@lycos.com,Female,170.187.214.126
225,Lexis,Meddings,lmeddings68@latimes.com,Female,182.144.107.104
226,Glen,Lammertz,glammertz69@usatoday.com,Male,220.120.241.111
227,Tarrance,Pengelley,tpengelley6a@cnet.com,Male,168.67.156.2
228,Horten,Tynnan,htynnan6b@auda.org.au,Male,211.180.130.100
229,Peirce,Burgyn,pburgyn6c@stanford.edu,Male,115.100.210.158
230,Louis,Poltone,lpoltone6d@addtoany.com,Male,22.15.132.140
231,Adel,Hatherell,ahatherell6e@amazon.com,Female,249.172.46.220
232,Diarmid,Carlens,dcarlens6f@globo.com,Male,132.45.143.148
233,Simone,Grigolli,sgrigolli6g@drupal.org,Female,109.53.17.226
234,Maurita,Smitton,msmitton6h@freewebs.com,Female,44.98.38.76
235,Malvin,Tremeer,mtremeer6i@examiner.com,Male,66.122.112.83
236,Muffin,Hestrop,mhestrop6j@nba.com,Male,202.86.200.97
237,Wylma,Spraggon,wspraggon6k@instagram.com,Female,119.34.167.15
238,Ahmad,Nevill,anevill6l@telegraph.co.uk,Male,219.237.79.6
239,Teressa,Rudsdell,trudsdell6m@skype.com,Female,213.21.217.209
240,Alysa,Spellecy,aspellecy6n@skyrock.com,Female,23.105.43.130
241,Gilles,Caltera,gcaltera6o@baidu.com,Male,93.231.115.232
242,Melvin,Bartholomew,mbartholomew6p@creativecommons.org,Male,207.188.121.97
243,Torie,Tomkin,ttomkin6q@webs.com,Female,112.228.85.69
244,Robina,Arkley,rarkley6r@github.com,Female,244.167.181.204
245,Melisande,Michin,mmichin6s@livejournal.com,Female,91.30.23.91
246,Gav,Duchatel,gduchatel6t@hao123.com,Male,233.161.234.102
247,Clemmy,Keniwell,ckeniwell6u@sphinn.com,Male,35.24.176.20
248,Pris,Mongeot,pmongeot6v@php.net,Female,74.145.140.66
249,Willi,Dobie,wdobie6w@mayoclinic.com,Female,176.88.114.244
250,Ilaire,Ducket,iducket6x@i2i.jp,Male,97.58.210.7
251,Addy,Cardo,acardo6y@bbc.co.uk,Female,231.190.252.203
252,Godard,Senussi,gsenussi6z@51.la,Male,11.240.75.86
253,Caprice,Crennell,ccrennell70@yolasite.com,Female,87.32.64.135
254,Lesly,Trethowan,ltrethowan71@tamu.edu,Female,73.103.97.141
255,Alwin,Roddell,aroddell72@ed.gov,Male,66.4.3.242
256,Deloria,Vasyukhnov,dvasyukhnov73@bloglovin.com,Female,209.107.107.129
257,Lilith,Bartzen,lbartzen74@twitpic.com,Female,230.120.159.204
258,Marena,Turnell,mturnell75@jigsy.com,Female,108.204.36.149
259,Raynor,Plewman,rplewman76@bravesites.com,Male,89.1.187.56
260,Kylie,Rathmell,krathmell77@hostgator.com,Male,203.109.21.8
261,Renault,Woolston,rwoolston78@macromedia.com,Male,71.87.244.254
262,Roxie,Meynell,rmeynell79@alibaba.com,Female,158.36.166.15
263,Taffy,Argabrite,targabrite7a@house.gov,Female,13.212.168.97
264,Morgun,Cotterill,mcotterill7b@upenn.edu,Male,207.97.25.94
265,Elane,Barde,ebarde7c@amazon.com,Female,114.174.218.117
266,Nancee,Gorwood,ngorwood7d@webnode.com,Female,40.224.163.39
267,Henri,Hastler,hhastler7e@berkeley.edu,Male,180.111.201.58
268,Kilian,Arnaez,karnaez7f@chron.com,Male,204.62.227.54
269,Arman,Konzelmann,akonzelmann7g@goodreads.com,Male,136.121.56.16
270,Niven,Barendtsen,nbarendtsen7h@noaa.gov,Male,118.188.46.0
271,Kerwinn,Caldaro,kcaldaro7i@tripadvisor.com,Male,16.176.218.27
272,Tailor,Tomankowski,ttomankowski7j@usnews.com,Male,46.110.3.222
273,Janaya,Sisson,jsisson7k@shinystat.com,Female,255.1.128.132
274,Hally,Jorissen,hjorissen7l@desdev.cn,Female,221.53.182.130
275,Annamarie,Finley,afinley7m@dyndns.org,Female,72.66.155.153
276,Jacquetta,Donizeau,jdonizeau7n@newyorker.com,Female,172.41.188.23
277,Sergio,McKimmie,smckimmie7o@amazon.co.jp,Male,4.210.187.97
278,Rochell,McGaugan,rmcgaugan7p@bluehost.com,Female,129.79.240.249
279,Avram,Stife,astife7q@hostgator.com,Male,153.56.106.77
280,Gelya,Barhams,gbarhams7r@cyberchimps.com,Female,1.76.140.247
281,Jemimah,Doolan,jdoolan7s@free.fr,Female,186.113.250.146
282,Ronalda,Bellam,rbellam7t@typepad.com,Female,97.10.176.19
283,Faulkner,Gosby,fgosby7u@theguardian.com,Male,8.115.242.228
284,Jorry,Lambkin,jlambkin7v@ucoz.ru,Female,12.63.111.50
285,Dennison,Rixon,drixon7w@phpbb.com,Male,161.169.232.222
286,Erminia,Jeavons,ejeavons7x@rediff.com,Female,198.4.50.189
287,Sonia,Pottinger,spottinger7y@dion.ne.jp,Female,201.46.34.132
288,Olive,Mellish,omellish7z@ed.gov,Female,25.143.85.90
289,Joelie,Rydzynski,jrydzynski80@bizjournals.com,Female,8.53.223.62
290,Stesha,Yakuntsov,syakuntsov81@google.cn,Female,207.0.28.191
291,Gae,Crigin,gcrigin82@parallels.com,Female,2.142.153.184
292,Stanley,Brabender,sbrabender83@unblog.fr,Male,17.184.139.31
293,Rodolfo,Bownes,rbownes84@netvibes.com,Male,44.159.237.208
294,Othilia,Wollaston,owollaston85@cnbc.com,Female,24.116.20.139
295,Peirce,Fernao,pfernao86@washingtonpost.com,Male,41.167.218.23
296,Harv,Lowdyane,hlowdyane87@timesonline.co.uk,Male,235.213.198.89
297,Elyssa,Casa,ecasa88@smugmug.com,Female,162.145.186.186
298,Layton,Hoodlass,lhoodlass89@facebook.com,Male,105.0.40.140
299,Noby,Cruse,ncruse8a@redcross.org,Male,120.219.102.132
300,Zara,Grasha,zgrasha8b@dagondesign.com,Female,1.7.173.124
301,Nikaniki,Marchetti,nmarchetti8c@noaa.gov,Female,33.94.239.158
302,Velvet,Paver,vpaver8d@a8.net,Female,253.103.249.152
303,Adrea,Crossingham,acrossingham8e@forbes.com,Female,180.23.226.229
304,Helenelizabeth,Guiden,hguiden8f@nsw.gov.au,Female,221.127.167.161
305,Bernarr,Ivashnikov,bivashnikov8g@umich.edu,Male,177.202.206.39
306,Skye,Vittle,svittle8h@amazon.com,Male,108.65.134.0
307,Sara,Karim,skarim8i@mit.edu,Female,255.233.182.0
308,Pat,Jope,pjope8j@people.com.cn,Male,198.174.233.15
309,Amil,Aymerich,aaymerich8k@blogspot.com,Female,59.215.9.23
310,Karoly,Brooker,kbrooker8l@amazonaws.com,Male,148.130.93.117
311,Gabey,De Vries,gdevries8m@mail.ru,Female,1.94.210.91
312,Danyette,Beevens,dbeevens8n@state.tx.us,Female,54.107.175.128
313,Marylin,Annand,mannand8o@hp.com,Female,93.187.17.88
314,Sayer,Katte,skatte8p@salon.com,Male,53.161.239.225
315,Caz,Harnes,charnes8q@netvibes.com,Male,88.0.15.167
316,Alica,Graeber,agraeber8r@360.cn,Female,34.54.252.111
317,Nicky,Forson,nforson8s@merriam-webster.com,Male,123.146.125.225
318,Trevor,Barker,tbarker8t@google.ru,Male,23.74.95.154
319,Roselin,O'Cannan,rocannan8u@hostgator.com,Female,115.85.251.218
320,Shepherd,Dowle,sdowle8v@issuu.com,Male,234.112.76.168
321,Ernest,Snoad,esnoad8w@who.int,Male,163.29.25.201
322,Kathryne,Fentem,kfentem8x@tripod.com,Female,18.221.137.153
323,Monique,Liffe,mliffe8y@berkeley.edu,Female,32.241.3.188
324,Simone,Pilch,spilch8z@trellian.com,Female,89.223.221.218
325,Oralle,Bellis,obellis90@howstuffworks.com,Female,23.47.204.151
326,Joey,Gladbeck,jgladbeck91@cbslocal.com,Female,82.216.231.70
327,Alric,Wombwell,awombwell92@hud.gov,Male,29.222.64.235
328,Mal,Chenery,mchenery93@guardian.co.uk,Male,136.198.224.29
329,Dilly,Skains,dskains94@opera.com,Male,234.55.67.162
330,Neal,De Gregorio,ndegregorio95@surveymonkey.com,Male,96.206.139.53
331,Brendon,Daine,bdaine96@apache.org,Male,228.210.202.207
332,Magdalene,Mc Meekan,mmcmeekan97@w3.org,Female,115.91.245.159
333,Dicky,Boram,dboram98@imdb.com,Male,10.80.6.23
334,Janaya,Poat,jpoat99@myspace.com,Female,6.166.248.10
335,Renado,Tripett,rtripett9a@cmu.edu,Male,232.134.135.209
336,Tobie,Pevsner,tpevsner9b@google.co.uk,Male,159.168.114.134
337,Damaris,Kayser,dkayser9c@redcross.org,Female,55.44.120.232
338,Teddy,Ordidge,tordidge9d@craigslist.org,Male,150.187.206.24
339,Doyle,Treen,dtreen9e@fda.gov,Male,204.92.111.5
340,Phillie,Greenroyd,pgreenroyd9f@netscape.com,Female,240.137.211.59
341,Mellisent,Digginson,mdigginson9g@nbcnews.com,Female,169.102.102.91
342,Margarethe,McTerrelly,mmcterrelly9h@ucoz.ru,Female,43.120.92.86
343,Tobey,Corsham,tcorsham9i@ftc.gov,Female,202.179.54.56
344,Lukas,Veitch,lveitch9j@cpanel.net,Male,171.121.188.224
345,Ardelis,Vivians,avivians9k@purevolume.com,Female,65.74.180.218
346,Arabel,Rushman,arushman9l@ezinearticles.com,Female,8.151.206.101
347,Miranda,Pottiphar,mpottiphar9m@archive.org,Female,111.204.152.54
348,Koren,Craster,kcraster9n@oaic.gov.au,Female,84.24.63.116
349,Tildie,Bertomier,tbertomier9o@sitemeter.com,Female,220.192.134.45
350,Sidonia,Gai,sgai9p@g.co,Female,58.94.230.191
351,Madge,Blance,mblance9q@vimeo.com,Female,1.173.214.69
352,Shellysheldon,Gaylor,sgaylor9r@wisc.edu,Male,91.134.16.215
353,Garald,Robertazzi,grobertazzi9s@studiopress.com,Male,80.162.172.46
354,Haily,Gibard,hgibard9t@nydailynews.com,Female,7.167.104.74
355,Filippa,Key,fkey9u@xing.com,Female,196.170.17.210
356,Lalo,Whayman,lwhayman9v@census.gov,Male,174.23.80.95
357,Drucie,Dillow,ddillow9w@wisc.edu,Female,217.1.69.152
358,Jake,Bramhall,jbramhall9x@smugmug.com,Male,149.42.134.115
359,Lammond,Smallpiece,lsmallpiece9y@networksolutions.com,Male,35.90.138.25
360,Abie,Orum,aorum9z@admin.ch,Male,4.173.188.84
361,Maurine,Neesam,mneesama0@google.de,Female,199.19.217.153
362,Virge,McPike,vmcpikea1@example.com,Male,85.235.45.117
363,Amelina,Partkya,apartkyaa2@fotki.com,Female,18.133.34.55
364,Rivi,Blowne,rblownea3@hp.com,Female,190.60.77.55
365,Ola,Kepling,okeplinga4@goo.ne.jp,Female,184.87.70.214
366,Juliane,Andrzej,jandrzeja5@house.gov,Female,46.181.25.224
367,Johannes,Arnaud,jarnauda6@aboutads.info,Male,101.196.43.67
368,Lianna,Durnan,ldurnana7@independent.co.uk,Female,133.53.107.57
369,Ario,Stokes,astokesa8@goo.gl,Male,160.87.245.222
370,Chip,Fehner,cfehnera9@list-manage.com,Male,255.81.135.236
371,Ciro,Guerola,cguerolaaa@1688.com,Male,46.205.23.23
372,Ancell,Cyples,acyplesab@paypal.com,Male,251.150.77.151
373,Filbert,Pengilly,fpengillyac@angelfire.com,Male,237.11.162.189
374,Mellicent,Whieldon,mwhieldonad@utexas.edu,Female,214.200.130.31
375,Frasquito,Dummer,fdummerae@exblog.jp,Male,12.3.151.249
376,Joeann,Cadogan,jcadoganaf@patch.com,Female,32.219.89.107
377,Sib,Larchiere,slarchiereag@salon.com,Female,239.52.52.63
378,Tresa,Folliott,tfolliottah@github.com,Female,206.54.85.106
379,Tull,Houdmont,thoudmontai@canalblog.com,Male,37.84.197.166
380,Fidela,Guesford,fguesfordaj@nytimes.com,Female,30.37.8.21
381,Andrea,Bradbrook,abradbrookak@comcast.net,Female,20.208.13.33
382,Rickie,Tomadoni,rtomadonial@netscape.com,Female,28.116.212.9
383,Noelyn,Fihelly,nfihellyam@va.gov,Female,86.121.58.222
384,Becca,Brandacci,bbrandaccian@eventbrite.com,Female,32.69.56.63
385,Dorolice,Sowray,dsowrayao@eventbrite.com,Female,187.17.80.168
386,Lyndsie,Daykin,ldaykinap@spiegel.de,Female,105.61.127.155
387,Corinna,Manion,cmanionaq@t.co,Female,138.135.80.159
388,Ammamaria,Sicely,asicelyar@youtube.com,Female,156.119.100.242
389,Chico,Borthe,cbortheas@artisteer.com,Male,228.20.159.2
390,Susana,Pennycord,spennycordat@adobe.com,Female,102.1.145.255
391,Albertine,Oakwell,aoakwellau@jugem.jp,Female,167.38.200.105
392,Ernestus,Gwinnett,egwinnettav@mapy.cz,Male,23.25.166.197
393,Arlee,Jeskin,ajeskinaw@blogger.com,Female,63.38.84.178
394,Sioux,Reichhardt,sreichhardtax@scribd.com,Female,47.201.121.120
395,Vanna,Lude,vludeay@deliciousdays.com,Female,132.145.75.226
396,Janene,Fernez,jfernezaz@narod.ru,Female,81.186.224.233
397,Garrard,Dunridge,gdunridgeb0@vistaprint.com,Male,149.159.40.118
398,Davita,Paffley,dpaffleyb1@upenn.edu,Female,55.220.4.215
399,Germain,Rosedale,grosedaleb2@unicef.org,Male,132.92.76.35
400,Heywood,Spickett,hspickettb3@utexas.edu,Male,226.163.237.205
401,Sayer,Grishinov,sgrishinovb4@tinyurl.com,Male,182.114.215.148
402,Temple,Denington,tdeningtonb5@chicagotribune.com,Male,22.173.248.149
403,Paul,Winning,pwinningb6@ask.com,Male,221.7.232.172
404,Bert,Nellies,bnelliesb7@elegantthemes.com,Female,217.234.4.136
405,Filippa,Farenden,ffarendenb8@joomla.org,Female,161.220.37.163
406,Bertram,Laister,blaisterb9@wiley.com,Male,64.157.73.213
407,Marty,Dewer,mdewerba@ovh.net,Male,45.199.20.26
408,Rodolph,Easman,reasmanbb@salon.com,Male,181.0.210.97
409,Zebulen,Larraway,zlarrawaybc@myspace.com,Male,216.10.156.190
410,Em,Hagyard,ehagyardbd@webeden.co.uk,Female,104.18.249.182
411,Hesther,Joinsey,hjoinseybe@illinois.edu,Female,89.6.36.134
412,Steven,Lockett,slockettbf@ocn.ne.jp,Male,116.137.34.160
413,Everett,Seldner,eseldnerbg@dailymail.co.uk,Male,35.74.19.10
414,Moore,Fullilove,mfullilovebh@odnoklassniki.ru,Male,221.5.3.40
415,Massimiliano,Lusher,mlusherbi@cocolog-nifty.com,Male,110.155.189.9
416,Delcine,Shelford,dshelfordbj@youtu.be,Female,146.144.142.36
417,Nevil,Lightoller,nlightollerbk@bloomberg.com,Male,221.93.186.57
418,Rosalinde,Peinke,rpeinkebl@quantcast.com,Female,74.134.222.70
419,Katrinka,Krzyzowski,kkrzyzowskibm@unc.edu,Female,249.111.56.234
420,Gregor,Conwell,gconwellbn@flavors.me,Male,154.81.24.150
421,Kerby,Grigorescu,kgrigorescubo@purevolume.com,Male,173.31.3.35
422,Harrison,Shalliker,hshallikerbp@odnoklassniki.ru,Male,37.85.95.133
423,Brinn,Husselbee,bhusselbeebq@reverbnation.com,Female,157.136.254.242
424,Alie,Prestige,aprestigebr@tuttocitta.it,Female,88.183.108.139
425,Sydney,Chittie,schittiebs@weebly.com,Male,235.110.50.67
426,Etan,Debnam,edebnambt@networkadvertising.org,Male,145.23.93.14
427,Bob,Chisnall,bchisnallbu@skyrock.com,Male,118.127.226.115
428,Letta,Saterweyte,lsaterweytebv@elpais.com,Female,57.176.237.13
429,Feodor,Hovie,fhoviebw@sbwire.com,Male,9.188.211.199
430,Dur,Bath,dbathbx@java.com,Male,225.166.125.61
431,Falito,Joskowitz,fjoskowitzby@wsj.com,Male,91.206.71.139
432,Eolanda,Tilio,etiliobz@dailymotion.com,Female,196.213.242.253
433,Gabey,Kalf,gkalfc0@hibu.com,Female,2.155.177.113
434,Nial,Frankcombe,nfrankcombec1@google.pl,Male,113.220.71.16
435,Paxton,Antognazzi,pantognazzic2@toplist.cz,Male,194.156.151.27
436,Launce,Pridham,lpridhamc3@earthlink.net,Male,115.161.59.157
437,Ole,Melonby,omelonbyc4@ed.gov,Male,177.160.75.112
438,Hart,Caulder,hcaulderc5@merriam-webster.com,Male,67.87.143.10
439,Robers,Cham,rchamc6@xrea.com,Male,240.40.58.159
440,Morty,Charsley,mcharsleyc7@artisteer.com,Male,186.224.44.122
441,Audie,Dovinson,adovinsonc8@zimbio.com,Female,226.138.146.1
442,Wilburt,Hellyar,whellyarc9@vkontakte.ru,Male,141.56.211.106
443,Jacquenetta,Gabites,jgabitesca@360.cn,Female,104.109.159.171
444,Marje,Pail,mpailcb@auda.org.au,Female,234.204.147.53
445,Humbert,Danelut,hdanelutcc@lycos.com,Male,246.147.235.180
446,Maryl,Staines,mstainescd@naver.com,Female,203.51.168.184
447,Marya,Burdis,mburdisce@godaddy.com,Female,183.70.231.255
448,Berke,Fuzzens,bfuzzenscf@parallels.com,Male,45.80.53.15
449,Rolf,Tremlett,rtremlettcg@360.cn,Male,196.18.95.128
450,Friedrich,De Francesco,fdefrancescoch@newyorker.com,Male,38.114.185.132
451,Auguste,Fritzer,afritzerci@shop-pro.jp,Female,103.79.150.229
452,Ken,Fielder,kfieldercj@angelfire.com,Male,106.157.117.135
453,Marlow,Doorly,mdoorlyck@istockphoto.com,Male,72.35.161.117
454,Lauraine,Tearle,ltearlecl@etsy.com,Female,90.193.4.209
455,Meade,Southouse,msouthousecm@census.gov,Female,85.223.143.176
456,Tybi,Hoy,thoycn@china.com.cn,Female,32.179.49.85
457,Mace,MacIver,mmaciverco@admin.ch,Male,80.118.96.210
458,Sada,Rodden,sroddencp@bloglovin.com,Female,152.121.252.193
459,Ignacius,Sember,isembercq@mlb.com,Male,123.9.25.202
460,Thorstein,Snodin,tsnodincr@mysql.com,Male,124.85.94.113
461,Freddy,Whitington,fwhitingtoncs@cam.ac.uk,Male,116.124.228.52
462,Grantham,Amsden,gamsdenct@ezinearticles.com,Male,139.191.24.134
463,Wilfrid,Duchan,wduchancu@narod.ru,Male,64.253.177.224
464,Judith,Steels,jsteelscv@youtube.com,Female,90.210.142.254
465,Brion,Jelleman,bjellemancw@google.it,Male,225.196.164.241
466,Jethro,Haggard,jhaggardcx@simplemachines.org,Male,29.217.46.203
467,Melamie,Bottjer,mbottjercy@prweb.com,Female,208.99.2.52
468,Averell,Halleybone,ahalleybonecz@google.ru,Male,233.145.181.9
469,Myrilla,Lysons,mlysonsd0@odnoklassniki.ru,Female,207.212.92.229
470,Lacy,Paradine,lparadined1@spotify.com,Female,2.246.235.106
471,Elise,Witul,ewituld2@furl.net,Female,234.184.39.128
472,Dulsea,Halhead,dhalheadd3@360.cn,Female,68.105.79.210
473,Noak,Spiteri,nspiterid4@networkadvertising.org,Male,186.123.117.123
474,Koral,Offiler,koffilerd5@artisteer.com,Female,233.198.225.203
475,Simeon,Rowth,srowthd6@so-net.ne.jp,Male,117.161.199.14
476,Mavra,Pendleton,mpendletond7@t-online.de,Female,223.235.49.199
477,Lennie,McBeth,lmcbethd8@exblog.jp,Male,73.33.130.235
478,Vito,Stollberg,vstollbergd9@ucsd.edu,Male,35.77.250.127
479,Jehu,Huetson,jhuetsonda@surveymonkey.com,Male,155.5.104.43
480,Adda,Fforde,affordedb@shop-pro.jp,Female,95.110.197.5
481,Ellis,Klagge,eklaggedc@howstuffworks.com,Male,245.35.106.115
482,Eugene,Dict,edictdd@aol.com,Male,195.39.165.212
483,Charles,Stanlake,cstanlakede@msu.edu,Male,171.19.176.146
484,Nevil,Pepineaux,npepineauxdf@addthis.com,Male,120.158.208.158
485,Packston,Beeton,pbeetondg@4shared.com,Male,70.194.177.67
486,Aleen,Smithe,asmithedh@arizona.edu,Female,187.250.97.105
487,Gertrudis,Petche,gpetchedi@discovery.com,Female,173.209.186.18
488,Bennie,Garrish,bgarrishdj@unesco.org,Female,56.217.248.130
489,Sayre,Roloff,sroloffdk@netlog.com,Male,81.182.240.122
490,Johann,Rosenthaler,jrosenthalerdl@slate.com,Male,154.98.222.203
491,Hadrian,Ockleshaw,hockleshawdm@cbsnews.com,Male,23.102.158.122
492,Harvey,Charles,hcharlesdn@desdev.cn,Male,133.79.26.222
493,Hannis,Dethloff,hdethloffdo@globo.com,Female,255.174.124.251
494,Mikaela,MacNamee,mmacnameedp@flickr.com,Female,57.57.179.71
495,Bryn,Eslie,besliedq@adobe.com,Female,247.28.49.140
496,Carroll,Crumbie,ccrumbiedr@sina.com.cn,Male,199.13.58.92
497,Efren,Viall,eviallds@deviantart.com,Male,163.65.140.40
498,Carlos,Lamyman,clamymandt@census.gov,Male,163.179.232.52
499,Archibold,Mitchelhill,amitchelhilldu@ox.ac.uk,Male,47.32.230.119
500,Hubert,Older,holderdv@a8.net,Male,249.97.95.188
501,Renard,Rosenberger,rrosenbergerdw@twitpic.com,Male,73.32.160.217
502,Brewer,Pywell,bpywelldx@tumblr.com,Male,219.253.222.199
503,Giselbert,Starrs,gstarrsdy@miibeian.gov.cn,Male,106.32.186.15
504,Breanne,Alan,balandz@multiply.com,Female,220.166.22.222
505,Kaleb,Echallier,kechalliere0@ehow.com,Male,124.167.2.20
506,Toni,Caps,tcapse1@netvibes.com,Female,213.54.189.71
507,Gerty,Tuffin,gtuffine2@mtv.com,Female,165.108.18.121
508,Egan,Pranger,eprangere3@infoseek.co.jp,Male,211.224.206.156
509,Roxane,Focke,rfockee4@etsy.com,Female,96.111.25.159
510,Ranice,Goodnow,rgoodnowe5@myspace.com,Female,56.160.210.0
511,Wilona,Levet,wlevete6@whitehouse.gov,Female,58.21.63.6
512,Minna,Yesenev,myeseneve7@bloglovin.com,Female,68.46.254.198
513,Pattie,Egle,peglee8@feedburner.com,Male,168.97.44.160
514,Stephani,Bowlesworth,sbowlesworthe9@wufoo.com,Female,62.206.49.184
515,Melitta,Valeri,mvaleriea@taobao.com,Female,198.209.209.137
516,Olwen,Bagley,obagleyeb@businesswire.com,Female,36.201.126.35
517,Mackenzie,Colly,mcollyec@cyberchimps.com,Male,225.250.238.93
518,Cynthie,Skitterel,cskittereled@cornell.edu,Female,85.223.159.133
519,Maryjane,Kordes,mkordesee@wufoo.com,Female,63.50.106.228
520,Carena,Klauber,cklauberef@de.vu,Female,133.47.220.164
521,Muffin,Coldman,mcoldmaneg@webs.com,Female,139.210.33.57
522,Grantley,Sawers,gsawerseh@apple.com,Male,255.154.147.251
523,Chucho,Berre,cberreei@tinyurl.com,Male,247.226.212.17
524,Frayda,Imore,fimoreej@apple.com,Female,83.166.161.20
525,Jolee,Buse,jbuseek@mozilla.com,Female,112.209.42.165
526,Evita,Setter,esetterel@dedecms.com,Female,242.172.10.226
527,Brent,Tembridge,btembridgeem@blogtalkradio.com,Male,64.15.68.179
528,Merill,Danne,mdanneen@chicagotribune.com,Male,214.106.235.98
529,Daffy,Blyth,dblytheo@ustream.tv,Female,134.244.148.186
530,Kaiser,Tarplee,ktarpleeep@mapy.cz,Male,85.228.114.66
531,Arabella,Halcro,ahalcroeq@tumblr.com,Female,126.172.140.192
532,Constancy,Feild,cfeilder@dmoz.org,Female,5.91.75.173
533,Marlon,Vassano,mvassanoes@about.me,Male,37.86.122.123
534,Carrol,Zanni,czanniet@discuz.net,Male,13.202.169.18
535,Shay,Lilloe,slilloeeu@hhs.gov,Female,85.8.69.55
536,Stevy,MacKaig,smackaigev@last.fm,Male,251.164.200.122
537,Shanda,Kennicott,skennicottew@altervista.org,Female,235.38.186.149
538,Hattie,Otto,hottoex@whitehouse.gov,Female,111.72.214.112
539,Jerry,Sharrocks,jsharrocksey@scientificamerican.com,Male,138.5.66.231
540,Hillier,Ledwitch,hledwitchez@salon.com,Male,226.114.93.215
541,Morrie,Emanueli,memanuelif0@slideshare.net,Male,249.242.31.90
542,Evelin,Vasyukhnov,evasyukhnovf1@walmart.com,Male,131.65.214.213
543,Grantham,Gouldie,ggouldief2@umich.edu,Male,141.57.68.26
544,Wini,Clemente,wclementef3@msu.edu,Female,242.241.80.3
545,Clarke,Antrim,cantrimf4@cyberchimps.com,Male,238.75.225.249
546,Meryl,Million,mmillionf5@census.gov,Male,145.240.241.38
547,Loralee,Marques,lmarquesf6@weibo.com,Female,240.200.152.164
548,Heywood,Strange,hstrangef7@upenn.edu,Male,42.15.248.16
549,Murdock,Blaes,mblaesf8@acquirethisname.com,Male,152.71.142.51
550,Davin,Craigmile,dcraigmilef9@canalblog.com,Male,60.117.115.176
551,Gerri,Hendrix,ghendrixfa@mediafire.com,Male,29.64.198.17
552,Orion,Schwier,oschwierfb@lulu.com,Male,125.163.78.146
553,Genevra,Wadwell,gwadwellfc@51.la,Female,241.72.85.173
554,Boothe,Augustine,baugustinefd@ycombinator.com,Male,212.79.34.234
555,Corny,Eller,cellerfe@fotki.com,Female,174.117.224.119
556,Robb,Nappin,rnappinff@dagondesign.com,Male,17.94.94.23
557,Paulo,Hazard,phazardfg@nhs.uk,Male,2.201.28.37
558,Collen,Hubbis,chubbisfh@prweb.com,Female,89.160.228.73
559,Emmye,Tomaszkiewicz,etomaszkiewiczfi@yahoo.co.jp,Female,44.67.213.128
560,Dru,Dinse,ddinsefj@yellowbook.com,Female,128.111.87.239
561,Sigfried,Llop,sllopfk@ihg.com,Male,53.18.1.159
562,Sanford,Pirot,spirotfl@nytimes.com,Male,51.113.218.214
563,Zachery,Awcock,zawcockfm@howstuffworks.com,Male,6.146.89.61
564,Valencia,Averall,vaverallfn@theglobeandmail.com,Female,234.57.193.243
565,Kizzie,Ladbury,kladburyfo@forbes.com,Female,235.208.2.136
566,Pall,Pilcher,ppilcherfp@google.it,Male,121.202.164.247
567,Alli,Taplow,ataplowfq@a8.net,Female,34.116.215.235
568,Simona,Belham,sbelhamfr@senate.gov,Female,169.88.179.170
569,Percival,Ruffell,pruffellfs@goo.ne.jp,Male,22.154.114.90
570,Corrina,Cudiff,ccudiffft@microsoft.com,Female,162.115.169.254
571,Rozele,Foot,rfootfu@nationalgeographic.com,Female,116.31.79.165
572,Gabey,Kinnock,gkinnockfv@dedecms.com,Female,159.111.120.41
573,Abramo,Chattoe,achattoefw@posterous.com,Male,0.226.210.237
574,Arlina,Philipard,aphilipardfx@time.com,Female,230.10.129.55
575,Emmet,Howison,ehowisonfy@xrea.com,Male,218.135.197.79
576,Dag,Gary,dgaryfz@marriott.com,Male,240.68.239.212
577,Natalya,Gertray,ngertrayg0@ft.com,Female,180.3.61.77
578,Romonda,Wickliffe,rwickliffeg1@archive.org,Female,225.190.90.122
579,Liam,Elliott,lelliottg2@aboutads.info,Male,148.122.150.102
580,Donny,Cordle,dcordleg3@biblegateway.com,Female,228.18.73.89
581,Shaughn,MacCoughen,smaccougheng4@aboutads.info,Male,167.194.225.160
582,Beauregard,Hobden,bhobdeng5@youku.com,Male,164.178.0.184
583,Maryanna,Coomes,mcoomesg6@cyberchimps.com,Female,229.98.75.22
584,Sheffie,Edmondson,sedmondsong7@rakuten.co.jp,Male,165.11.125.89
585,Fitzgerald,Thackham,fthackhamg8@umn.edu,Male,54.112.129.163
586,Marlo,Joye,mjoyeg9@woothemes.com,Male,239.113.213.97
587,Foss,Jonk,fjonkga@blogs.com,Male,178.164.44.253
588,Chris,Brezlaw,cbrezlawgb@sfgate.com,Female,20.88.39.196
589,Zitella,Hilling,zhillinggc@epa.gov,Female,191.95.113.70
590,Hunter,Ropp,hroppgd@netvibes.com,Male,143.125.129.31
591,Lamond,Gagg,lgaggge@vk.com,Male,199.105.195.123
592,Josie,Buxcy,jbuxcygf@addthis.com,Female,102.131.165.107
593,Waly,Freckelton,wfreckeltongg@tinyurl.com,Female,71.226.8.202
594,Flss,Keningley,fkeningleygh@businesswire.com,Female,239.96.239.14
595,Claudetta,Gascoyen,cgascoyengi@samsung.com,Female,37.250.187.226
596,Marylou,Phidgin,mphidgingj@ebay.com,Female,98.182.151.120
597,Si,Neesam,sneesamgk@google.com.hk,Male,36.160.97.145
598,Una,Dellar,udellargl@psu.edu,Female,120.199.107.31
599,Augustine,Sacase,asacasegm@biblegateway.com,Female,114.39.246.221
600,Johnathon,Butfield,jbutfieldgn@slideshare.net,Male,90.99.31.82
601,Esme,Kingswell,ekingswellgo@blog.com,Male,60.138.127.120
602,Raddie,Davidek,rdavidekgp@vistaprint.com,Male,177.64.228.11
603,Carolyne,Pizey,cpizeygq@fema.gov,Female,68.86.252.96
604,Tomasine,Yann,tyanngr@theglobeandmail.com,Female,229.63.112.18
605,Welsh,Beadles,wbeadlesgs@alibaba.com,Male,67.218.216.108
606,Lilli,Enderlein,lenderleingt@skype.com,Female,84.204.162.112
607,Kirby,Metschke,kmetschkegu@google.com.hk,Male,114.108.200.6
608,Vale,Millis,vmillisgv@npr.org,Female,73.123.124.21
609,Dyan,O'Crotty,docrottygw@oaic.gov.au,Female,206.51.16.1
610,Alexandros,Crinson,acrinsongx@comcast.net,Male,112.207.236.46
611,Tobit,Voysey,tvoyseygy@artisteer.com,Male,157.8.164.106
612,Sayre,Dyball,sdyballgz@people.com.cn,Female,111.178.235.234
613,Eda,Bracknall,ebracknallh0@virginia.edu,Female,128.136.155.231
614,Nicholas,Cometti,ncomettih1@businessinsider.com,Male,55.144.253.45
615,Tasha,Brooksbie,tbrooksbieh2@ezinearticles.com,Female,19.235.229.223
616,Giselle,Danneil,gdanneilh3@nature.com,Female,146.158.29.243
617,Manny,Chesshire,mchesshireh4@xrea.com,Male,64.189.75.208
618,Denver,Blick,dblickh5@nifty.com,Male,63.193.66.57
619,Alain,Carmen,acarmenh6@domainmarket.com,Male,218.227.56.121
620,Bing,Hullock,bhullockh7@imageshack.us,Male,117.136.252.100
621,Farlie,Fontaine,ffontaineh8@youtube.com,Male,18.96.80.110
622,Edythe,Antrag,eantragh9@rakuten.co.jp,Female,103.178.2.105
623,Alvinia,Barford,abarfordha@amazon.de,Female,91.124.220.132
624,Salmon,Bolesworth,sbolesworthhb@tuttocitta.it,Male,68.64.94.237
625,Maxi,Stell,mstellhc@ucla.edu,Female,52.220.55.144
626,Angy,Osant,aosanthd@clickbank.net,Female,26.129.190.66
627,Uta,Tart,utarthe@skyrock.com,Female,75.100.207.5
628,Dolly,Trollope,dtrollopehf@pen.io,Female,62.233.29.21
629,Prentiss,Rentoll,prentollhg@digg.com,Male,245.223.255.122
630,Nickolai,Kastel,nkastelhh@newyorker.com,Male,246.95.102.251
631,Scotty,Harley,sharleyhi@homestead.com,Male,164.135.143.183
632,Geoff,Betham,gbethamhj@wsj.com,Male,221.168.116.15
633,Inglebert,Ioannou,iioannouhk@joomla.org,Male,175.114.65.193
634,Elnore,Berger,ebergerhl@examiner.com,Female,183.249.57.126
635,Granger,Silbermann,gsilbermannhm@gov.uk,Male,53.98.37.155
636,Hogan,Kemer,hkemerhn@paypal.com,Male,32.109.230.140
637,Austen,Allsep,aallsepho@exblog.jp,Male,243.198.114.213
638,Iolande,Widmoor,iwidmoorhp@vk.com,Female,23.158.4.166
639,Janeva,Karolovsky,jkarolovskyhq@last.fm,Female,68.8.80.226
640,Arlyne,Ackland,aacklandhr@php.net,Female,147.184.69.28
641,Lorettalorna,O'Doireidh,lodoireidhhs@sakura.ne.jp,Female,28.96.228.150
642,Emmery,Benbough,ebenboughht@biglobe.ne.jp,Male,33.43.206.198
643,Seline,Lipscombe,slipscombehu@scientificamerican.com,Female,49.218.225.128
644,Rafe,Jesty,rjestyhv@marriott.com,Male,234.189.185.172
645,Blake,Yurukhin,byurukhinhw@chicagotribune.com,Male,235.121.224.178
646,Ludvig,Ottley,lottleyhx@artisteer.com,Male,224.22.46.65
647,Archibald,Cammidge,acammidgehy@purevolume.com,Male,206.32.246.63
648,Gert,Heaney,gheaneyhz@bravesites.com,Female,194.139.120.203
649,Hedvige,Balsellie,hbalselliei0@nhs.uk,Female,187.214.103.79
650,Pauline,Ennals,pennalsi1@networksolutions.com,Female,137.58.157.243
651,Henriette,Korbmaker,hkorbmakeri2@webeden.co.uk,Female,55.45.167.135
652,Lynnet,Varlow,lvarlowi3@freewebs.com,Female,112.2.226.74
653,Jerome,Beebe,jbeebei4@chronoengine.com,Male,32.181.174.175
654,Zebedee,Pipes,zpipesi5@youtube.com,Male,158.230.249.98
655,Carlyle,Bugs,cbugsi6@sciencedaily.com,Male,200.107.185.137
656,Fernandina,Edgcumbe,fedgcumbei7@github.com,Female,121.2.159.50
657,Packston,Hutcheson,phutchesoni8@ning.com,Male,176.38.61.224
658,Denyse,Piddletown,dpiddletowni9@t.co,Female,130.241.215.46
659,Sonny,Winterbottom,swinterbottomia@exblog.jp,Male,67.221.227.86
660,Francklyn,Fairpo,ffairpoib@prnewswire.com,Male,11.206.106.209
661,Roxine,Geekin,rgeekinic@edublogs.org,Female,215.92.45.167
662,Pamelina,Gallehawk,pgallehawkid@51.la,Female,209.169.191.48
663,Gifford,Conry,gconryie@foxnews.com,Male,171.38.73.34
664,Baldwin,Blas,bblasif@xinhuanet.com,Male,148.164.157.57
665,Mic,Tregust,mtregustig@answers.com,Male,88.221.118.24
666,Frederico,Kitchaside,fkitchasideih@topsy.com,Male,190.251.62.198
667,Prentice,Corbitt,pcorbittii@paginegialle.it,Male,78.7.121.22
668,Vinny,Maher,vmaherij@mlb.com,Female,187.116.126.231
669,Abby,Waterfall,awaterfallik@comsenz.com,Female,247.223.162.75
670,Barth,Gaffon,bgaffonil@alexa.com,Male,223.26.182.240
671,Slade,Ector,sectorim@google.com.au,Male,114.229.98.247
672,Brook,Le-Good,blegoodin@google.ru,Female,77.171.59.156
673,Ruddie,Trevallion,rtrevallionio@amazon.co.uk,Male,232.40.165.21
674,Natalee,Haskins,nhaskinsip@nytimes.com,Female,22.97.18.157
675,Renae,Kilkenny,rkilkennyiq@diigo.com,Female,160.205.29.136
676,Colleen,O'Hederscoll,cohederscollir@blogtalkradio.com,Female,61.114.221.162
677,Chic,Pettendrich,cpettendrichis@csmonitor.com,Male,62.195.51.73
678,Murry,Tetlow,mtetlowit@stanford.edu,Male,48.23.227.120
679,Eva,Chitham,echithamiu@cdc.gov,Female,191.29.123.46
680,Jackie,Dachey,jdacheyiv@surveymonkey.com,Female,249.66.175.169
681,Edyth,Boutell,eboutelliw@list-manage.com,Female,78.94.220.13
682,Mandi,Mattack,mmattackix@dagondesign.com,Female,224.207.117.16
683,Mariellen,Foulcher,mfoulcheriy@webs.com,Female,204.126.103.100
684,Felisha,Tudbald,ftudbaldiz@mapquest.com,Female,46.151.141.180
685,Mariette,Eborall,meborallj0@unblog.fr,Female,71.126.191.81
686,Zorana,Fantonetti,zfantonettij1@drupal.org,Female,120.202.208.113
687,Ingelbert,Harkins,iharkinsj2@tinypic.com,Male,154.53.103.105
688,Catherin,Grew,cgrewj3@ibm.com,Female,77.156.82.98
689,Jae,Williment,jwillimentj4@cdbaby.com,Male,253.57.96.18
690,Bathsheba,Lynde,blyndej5@netscape.com,Female,200.13.50.5
691,Deni,Sissot,dsissotj6@networksolutions.com,Female,163.207.23.186
692,Ashlen,Whittenbury,awhittenburyj7@ftc.gov,Female,83.167.198.239
693,Waneta,Perrington,wperringtonj8@google.ca,Female,93.126.159.89
694,Jaclin,Roelvink,jroelvinkj9@rediff.com,Female,119.144.136.71
695,Johny,Squibbs,jsquibbsja@flickr.com,Male,143.65.87.73
696,Aharon,Skeat,askeatjb@posterous.com,Male,156.60.198.41
697,Vale,Jerosch,vjeroschjc@g.co,Female,36.5.164.185
698,Michaelina,Meneghi,mmeneghijd@techcrunch.com,Female,21.76.144.51
699,Jeddy,Ghent,jghentje@accuweather.com,Male,193.57.24.160
700,Amby,Leband,alebandjf@studiopress.com,Male,10.21.211.196
701,Hart,Pennone,hpennonejg@squidoo.com,Male,100.44.22.216
702,Buiron,Codi,bcodijh@nytimes.com,Male,179.26.2.229
703,Alvira,Tatton,atattonji@go.com,Female,15.33.135.154
704,Renaldo,Attyeo,rattyeojj@topsy.com,Male,144.83.104.32
705,Tris,Copcott,tcopcottjk@infoseek.co.jp,Male,242.19.64.191
706,Fleming,Gowing,fgowingjl@domainmarket.com,Male,110.81.237.91
707,Tann,Roddam,troddamjm@pcworld.com,Male,189.95.18.139
708,Gabie,Lavalde,glavaldejn@google.com.au,Male,100.186.205.185
709,Way,Extill,wextilljo@feedburner.com,Male,157.79.132.125
710,Jennilee,Melhuish,jmelhuishjp@usnews.com,Female,189.178.225.80
711,Linoel,Erangy,lerangyjq@digg.com,Male,176.182.97.11
712,Ruy,Orto,rortojr@php.net,Male,155.247.0.237
713,Kim,Summerell,ksummerelljs@360.cn,Female,219.168.155.251
714,Gloria,Perks,gperksjt@wp.com,Female,173.11.126.224
715,Xenos,Rappaport,xrappaportju@psu.edu,Male,73.126.139.156
716,Merlina,Hryskiewicz,mhryskiewiczjv@jigsy.com,Female,175.183.158.157
717,Rossy,Fenners,rfennersjw@prlog.org,Male,154.14.6.75
718,Yorgos,Davies,ydaviesjx@ted.com,Male,136.114.229.60
719,Timmy,Kmiec,tkmiecjy@edublogs.org,Male,57.75.211.231
720,Sabra,Konerding,skonerdingjz@fda.gov,Female,201.151.48.210
721,Cesaro,Shilladay,cshilladayk0@howstuffworks.com,Male,152.232.41.195
722,Selig,Garrod,sgarrodk1@earthlink.net,Male,17.181.36.114
723,Emmet,Cowoppe,ecowoppek2@sciencedaily.com,Male,99.132.247.96
724,Carlotta,Rubrow,crubrowk3@ow.ly,Female,163.15.65.12
725,Laverne,Swithenby,lswithenbyk4@telegraph.co.uk,Female,222.221.143.254
726,Roxie,Brader,rbraderk5@webnode.com,Female,153.102.110.127
727,Tim,Hischke,thischkek6@redcross.org,Female,204.240.70.169
728,Ring,Schusterl,rschusterlk7@aboutads.info,Male,241.49.19.89
729,Taite,Thouless,tthoulessk8@europa.eu,Male,19.116.170.43
730,Wye,Vasiliu,wvasiliuk9@ehow.com,Male,217.163.24.195
731,Wynne,Potteridge,wpotteridgeka@state.gov,Female,158.136.122.225
732,Blondell,Marrow,bmarrowkb@hibu.com,Female,116.44.175.34
733,Ad,Rehor,arehorkc@dropbox.com,Male,147.11.182.130
734,Hetty,Verbrugghen,hverbrugghenkd@4shared.com,Female,207.126.125.49
735,Bram,Poutress,bpoutresske@hugedomains.com,Male,56.230.5.138
736,Ewell,Glennie,eglenniekf@sciencedaily.com,Male,169.166.40.52
737,Charlie,Stilliard,cstilliardkg@cam.ac.uk,Male,20.89.5.34
738,Ruddy,Sprigg,rspriggkh@mit.edu,Male,108.232.241.201
739,Ardine,Drinkale,adrinkaleki@oakley.com,Female,243.183.238.76
740,Agneta,Bundy,abundykj@vk.com,Female,220.60.88.28
741,Rufus,Casham,rcashamkk@house.gov,Male,205.100.13.188
742,Pincus,Kopacek,pkopacekkl@vimeo.com,Male,81.32.43.106
743,Holli,Adrianello,hadrianellokm@cnbc.com,Female,102.192.13.59
744,Teddie,Haeslier,thaeslierkn@cdc.gov,Female,234.252.117.134
745,Abner,Anshell,aanshellko@usatoday.com,Male,195.175.171.23
746,Reinaldo,Erricker,rerrickerkp@networksolutions.com,Male,175.94.186.252
747,Linc,Eseler,leselerkq@reddit.com,Male,216.84.167.141
748,Phelia,Pragnell,ppragnellkr@wiley.com,Female,181.84.216.80
749,Kasper,Carlon,kcarlonks@msn.com,Male,44.78.185.48
750,Constancia,Purvis,cpurviskt@bandcamp.com,Female,32.127.27.230
751,Ianthe,Fodden,ifoddenku@liveinternet.ru,Female,146.204.35.51
752,Raimundo,Rapa,rrapakv@webeden.co.uk,Male,159.177.96.157
753,Sela,Naisey,snaiseykw@google.com.br,Female,99.255.133.5
754,Annissa,Husby,ahusbykx@yelp.com,Female,150.79.29.245
755,Rowney,Pennock,rpennockky@si.edu,Male,55.239.38.157
756,Mac,Doorbar,mdoorbarkz@sourceforge.net,Male,106.100.121.0
757,Hamlin,Cheke,hchekel0@mediafire.com,Male,120.171.142.189
758,Drucill,Botterman,dbottermanl1@friendfeed.com,Female,88.103.44.15
759,Barret,Spensley,bspensleyl2@1688.com,Male,135.234.251.85
760,Erl,Eustice,eeusticel3@ed.gov,Male,162.12.94.49
761,Ettore,Eltone,eeltonel4@washington.edu,Male,153.60.90.8
762,Bondy,Messiter,bmessiterl5@google.co.uk,Male,63.62.143.51
763,Philip,Sant,psantl6@home.pl,Male,183.47.56.167
764,Agnella,Adenot,aadenotl7@oaic.gov.au,Female,235.118.185.113
765,Nissie,McPeake,nmcpeakel8@mysql.com,Female,10.176.166.220
766,Andrej,Kleinplac,akleinplacl9@gmpg.org,Male,26.33.154.69
767,Larry,Blewitt,lblewittla@freewebs.com,Male,165.106.47.66
768,Fulton,Bellchamber,fbellchamberlb@ed.gov,Male,232.153.43.106
769,Merralee,Fick,mficklc@bigcartel.com,Female,248.12.45.135
770,Clarissa,Paradise,cparadiseld@google.de,Female,173.189.162.38
771,Ermina,Leese,eleesele@ted.com,Female,134.233.101.73
772,Cullan,Arnoldi,carnoldilf@shinystat.com,Male,86.172.48.142
773,Sharai,Sapsford,ssapsfordlg@sphinn.com,Female,171.219.65.120
774,Angel,McLafferty,amclaffertylh@wordpress.org,Female,26.116.144.127
775,Benedetta,Janovsky,bjanovskyli@taobao.com,Female,151.74.108.15
776,Ondrea,Grimme,ogrimmelj@dagondesign.com,Female,95.16.255.51
777,Cammy,Whelpdale,cwhelpdalelk@vk.com,Male,40.29.42.80
778,Neilla,Henriquet,nhenriquetll@aol.com,Female,27.6.188.51
779,Lucien,Creighton,lcreightonlm@washingtonpost.com,Male,184.125.143.181
780,Bastien,Attrey,battreyln@free.fr,Male,233.213.185.60
781,Meryl,Gumery,mgumerylo@liveinternet.ru,Male,68.207.240.76
782,Aurelie,Tessington,atessingtonlp@economist.com,Female,82.137.130.81
783,Claudie,Thurborn,cthurbornlq@pinterest.com,Female,102.236.196.112
784,Dmitri,Fritz,dfritzlr@un.org,Male,253.4.15.199
785,Aldric,Frape,afrapels@google.it,Male,154.130.2.88
786,Tandi,Fessier,tfessierlt@europa.eu,Female,230.7.165.136
787,Luz,Ansteys,lansteyslu@plala.or.jp,Female,35.151.42.19
788,Sonia,Quincey,squinceylv@walmart.com,Female,194.122.150.89
789,Eulalie,Jeffcoat,ejeffcoatlw@craigslist.org,Female,172.89.125.6
790,Ali,Attenborough,aattenboroughlx@java.com,Male,66.29.136.205
791,Davey,Buckell,dbuckellly@yandex.ru,Male,205.136.54.224
792,Ferdinande,L'Amie,flamielz@sina.com.cn,Female,62.46.121.155
793,Frederic,Kearle,fkearlem0@meetup.com,Male,37.60.149.245
794,Antoni,O'Howbane,aohowbanem1@spiegel.de,Male,241.4.2.53
795,Shaun,Konertz,skonertzm2@google.ca,Female,172.125.227.235
796,Dunn,Probbings,dprobbingsm3@printfriendly.com,Male,36.33.27.79
797,Alia,Varley,avarleym4@narod.ru,Female,246.206.142.17
798,Jesse,Habbeshaw,jhabbeshawm5@symantec.com,Male,184.207.51.16
799,Aili,Hillam,ahillamm6@parallels.com,Female,55.22.118.6
800,Nelle,Huton,nhutonm7@huffingtonpost.com,Female,64.20.120.67
801,Rutger,Connah,rconnahm8@e-recht24.de,Male,33.220.129.82
802,Tucky,Flintiff,tflintiffm9@bing.com,Male,11.239.64.51
803,Shamus,Waple,swaplema@nytimes.com,Male,196.3.64.162
804,Rivalee,Osmint,rosmintmb@google.ru,Female,114.34.197.97
805,Ram,McPheat,rmcpheatmc@mlb.com,Male,212.18.117.17
806,Matty,Littlepage,mlittlepagemd@hao123.com,Female,202.231.250.15
807,Kathye,Althrope,kalthropeme@arizona.edu,Female,21.111.196.86
808,Allx,Sisnett,asisnettmf@canalblog.com,Female,12.235.189.73
809,Marjie,Fayerman,mfayermanmg@icio.us,Female,160.105.219.125
810,Rubie,Baumer,rbaumermh@google.cn,Female,69.167.242.148
811,Bailey,Sebley,bsebleymi@irs.gov,Male,44.2.199.113
812,Butch,Lavender,blavendermj@techcrunch.com,Male,65.219.98.40
813,Lyda,Logesdale,llogesdalemk@51.la,Female,157.94.237.177
814,Valle,Momford,vmomfordml@tuttocitta.it,Male,216.36.153.158
815,Ethyl,Cadigan,ecadiganmm@theglobeandmail.com,Female,75.194.15.235
816,Reese,McTear,rmctearmn@omniture.com,Male,187.104.243.38
817,Phillipe,De Ortega,pdeortegamo@spotify.com,Male,118.196.37.207
818,Rici,Greenalf,rgreenalfmp@google.co.uk,Female,51.124.97.221
819,Celisse,Dansken,cdanskenmq@dailymail.co.uk,Female,102.163.99.14
820,Matt,Ebanks,mebanksmr@cornell.edu,Male,161.73.86.150
821,Erskine,Trimble,etrimblems@jalbum.net,Male,27.253.12.190
822,Gaby,Beer,gbeermt@google.ca,Female,203.225.233.103
823,Sharity,Lacroux,slacrouxmu@virginia.edu,Female,237.75.152.61
824,Crawford,Bloodworth,cbloodworthmv@delicious.com,Male,157.192.10.102
825,Teodorico,Tuddall,ttuddallmw@goo.ne.jp,Male,15.83.221.179
826,Edita,Raatz,eraatzmx@macromedia.com,Female,59.29.91.13
827,Liana,Bolderson,lboldersonmy@ucoz.ru,Female,12.112.136.138
828,Edie,Sawle,esawlemz@slideshare.net,Female,215.59.33.68
829,Frans,Horrigan,fhorrigann0@icq.com,Male,206.25.202.141
830,Joey,McIlriach,jmcilriachn1@nasa.gov,Female,4.255.56.62
831,Kile,Medford,kmedfordn2@webmd.com,Male,176.191.42.192
832,Libby,Rubenovic,lrubenovicn3@pcworld.com,Female,51.63.148.203
833,Beatrisa,Semarke,bsemarken4@deviantart.com,Female,7.65.240.232
834,Darci,Oake,doaken5@comcast.net,Female,94.114.14.171
835,Cyrillus,Verryan,cverryann6@utexas.edu,Male,194.68.111.222
836,Annmarie,Pickard,apickardn7@ocn.ne.jp,Female,50.41.142.90
837,Chrystel,Geddis,cgeddisn8@geocities.jp,Female,20.5.209.154
838,Joletta,Pepperd,jpepperdn9@google.com,Female,0.119.40.144
839,Evin,Longhirst,elonghirstna@myspace.com,Male,179.143.19.174
840,Terence,Picard,tpicardnb@scientificamerican.com,Male,161.157.21.212
841,Eddy,Glave,eglavenc@hubpages.com,Female,176.197.164.42
842,Mathew,Sporrij,msporrijnd@networkadvertising.org,Male,98.78.107.104
843,Kinna,Eam,keamne@mysql.com,Female,155.52.208.75
844,Barry,Foxley,bfoxleynf@youku.com,Male,50.71.125.105
845,Alison,Shenton,ashentonng@drupal.org,Female,162.247.232.106
846,Broderic,Lemmen,blemmennh@mediafire.com,Male,221.230.138.70
847,Oralie,Killbey,okillbeyni@zdnet.com,Female,49.74.207.26
848,Moishe,Blinde,mblindenj@about.com,Male,106.16.194.204
849,Dugald,Ericssen,dericssennk@dell.com,Male,31.47.195.111
850,Gertrude,Murden,gmurdennl@wp.com,Female,136.79.124.62
851,Dominick,Creaven,dcreavennm@360.cn,Male,60.14.130.11
852,Elka,Lancett,elancettnn@apache.org,Female,236.97.125.123
853,Bart,Kohlerman,bkohlermanno@etsy.com,Male,101.254.18.216
854,Carmina,MacAne,cmacanenp@zdnet.com,Female,126.253.16.65
855,Dalli,Crossan,dcrossannq@sciencedirect.com,Male,178.2.242.186
856,Zeke,Cramphorn,zcramphornnr@stanford.edu,Male,167.24.148.162
857,Des,Duny,ddunyns@ucla.edu,Male,236.128.221.110
858,Manolo,Hillam,mhillamnt@t.co,Male,152.8.152.147
859,Ezequiel,Bolan,ebolannu@sciencedaily.com,Male,120.185.216.168
860,Rodi,Santus,rsantusnv@dyndns.org,Female,36.202.100.48
861,Dion,Corneck,dcornecknw@businesswire.com,Male,34.206.75.28
862,Dorey,Andriolli,dandriollinx@microsoft.com,Male,127.161.204.29
863,Bunny,Wittman,bwittmanny@timesonline.co.uk,Female,147.143.225.73
864,Russ,Plank,rplanknz@youtu.be,Male,131.227.120.30
865,Ame,Aslet,aasleto0@tinypic.com,Female,116.79.132.148
866,Christiane,Jobbins,cjobbinso1@cafepress.com,Female,113.187.207.176
867,Tatiana,Balderston,tbalderstono2@tuttocitta.it,Female,102.91.85.58
868,Renelle,Bartoli,rbartolio3@dion.ne.jp,Female,29.218.214.163
869,Simone,Walshe,swalsheo4@fda.gov,Male,193.70.162.202
870,Juana,Fulger,jfulgero5@liveinternet.ru,Female,119.30.205.33
871,Lief,Swinn,lswinno6@g.co,Male,71.115.63.189
872,Jennica,Kuschke,jkuschkeo7@dot.gov,Female,113.11.64.218
873,Northrup,Ovendon,novendono8@ow.ly,Male,147.239.228.89
874,Leonie,Colbrun,lcolbruno9@wix.com,Female,4.4.245.194
875,Halie,Clamp,hclampoa@craigslist.org,Female,56.215.249.155
876,Zared,Bennion,zbennionob@tumblr.com,Male,128.215.148.169
877,Kizzie,Breeze,kbreezeoc@who.int,Female,171.48.51.198
878,Jill,Kleingrub,jkleingrubod@artisteer.com,Female,42.218.163.209
879,Anette,Matts,amattsoe@themeforest.net,Female,158.42.187.245
880,Danny,D'Alessio,ddalessioof@yahoo.co.jp,Female,115.198.3.47
881,Hansiain,Eagan,heaganog@pbs.org,Male,211.162.196.68
882,Caitrin,Fearnyhough,cfearnyhoughoh@apache.org,Female,121.246.158.126
883,Cesaro,Pernell,cpernelloi@smugmug.com,Male,166.104.70.4
884,Vaughn,Libby,vlibbyoj@parallels.com,Male,38.204.82.228
885,Isaiah,MacKill,imackillok@booking.com,Male,30.202.221.91
886,Kellie,Wyldbore,kwyldboreol@aol.com,Female,132.127.83.145
887,Antonietta,Hollingby,ahollingbyom@constantcontact.com,Female,246.247.86.44
888,Archibald,Blune,abluneon@bing.com,Male,111.73.103.35
889,Godfree,Soal,gsoaloo@oaic.gov.au,Male,160.227.238.110
890,Roxine,Philippon,rphilipponop@cdbaby.com,Female,11.225.123.114
891,Delmor,Borthwick,dborthwickoq@barnesandnoble.com,Male,123.234.189.222
892,Herculie,Dinnington,hdinningtonor@dagondesign.com,Male,163.220.189.114
893,Liam,Dyball,ldyballos@intel.com,Male,92.198.166.100
894,Alyss,Cayet,acayetot@blinklist.com,Female,39.126.216.199
895,Hashim,Saterweyte,hsaterweyteou@free.fr,Male,94.142.56.231
896,Fritz,Blaydes,fblaydesov@phoca.cz,Male,37.233.175.122
897,Lenka,Crudginton,lcrudgintonow@storify.com,Female,2.197.28.182
898,Gerardo,Snoding,gsnodingox@tmall.com,Male,98.207.158.75
899,Saundra,Murley,smurleyoy@yahoo.co.jp,Male,223.235.3.168
900,Kala,Stribbling,kstribblingoz@slashdot.org,Female,94.196.28.125
901,Vernen,Redit,vreditp0@sogou.com,Male,235.239.145.123
902,Mavra,Porson,mporsonp1@cornell.edu,Female,204.185.228.56
903,Minor,Jelkes,mjelkesp2@i2i.jp,Male,98.27.151.206
904,Imelda,Sked,iskedp3@hubpages.com,Female,221.130.168.208
905,Wynne,Gillinghams,wgillinghamsp4@surveymonkey.com,Female,217.57.248.21
906,Kippar,McCay,kmccayp5@privacy.gov.au,Male,135.195.209.133
907,Dorris,Janeway,djanewayp6@ibm.com,Female,38.225.169.18
908,Franz,Hamerton,fhamertonp7@google.co.jp,Male,98.227.196.208
909,Emile,Larcombe,elarcombep8@cam.ac.uk,Male,216.240.87.6
910,Hubert,Gentery,hgenteryp9@paginegialle.it,Male,105.92.50.42
911,Beatrix,Stern,bsternpa@phoca.cz,Female,111.242.239.248
912,Curran,Iwanicki,ciwanickipb@washingtonpost.com,Male,141.6.161.18
913,Ashlen,Dmytryk,admytrykpc@multiply.com,Female,143.126.64.190
914,Putnem,Adame,padamepd@blinklist.com,Male,221.252.195.95
915,Lyda,Wildbore,lwildborepe@edublogs.org,Female,169.79.97.119
916,Archer,Paish,apaishpf@ibm.com,Male,231.212.177.41
917,Britt,Dyball,bdyballpg@nationalgeographic.com,Male,80.167.35.52
918,Pauli,Kubacki,pkubackiph@seesaa.net,Female,149.155.197.136
919,Artie,Lattka,alattkapi@nationalgeographic.com,Male,65.136.131.171
920,Ella,Surgison,esurgisonpj@salon.com,Female,60.141.166.153
921,Neal,Arnault,narnaultpk@g.co,Male,52.30.187.135
922,Niko,Grancher,ngrancherpl@globo.com,Male,212.142.168.190
923,Marlow,Pervoe,mpervoepm@un.org,Male,90.210.247.234
924,Darlene,Murty,dmurtypn@youtu.be,Female,88.239.141.67
925,Karlik,Bickmore,kbickmorepo@tuttocitta.it,Male,185.80.22.247
926,Cassie,Logsdail,clogsdailpp@friendfeed.com,Male,217.49.133.70
927,Siegfried,Mattingson,smattingsonpq@telegraph.co.uk,Male,223.194.217.146
928,Sergei,Deans,sdeanspr@unc.edu,Male,171.167.18.129
929,Ash,Castelain,acastelainps@creativecommons.org,Male,39.202.20.216
930,Gigi,Huebner,ghuebnerpt@amazon.co.uk,Female,19.144.135.84
931,Sampson,Strippel,sstrippelpu@linkedin.com,Male,211.147.3.241
932,Anabelle,Budgey,abudgeypv@huffingtonpost.com,Female,118.87.22.95
933,Elisabetta,Boyack,eboyackpw@msu.edu,Female,4.62.75.121
934,Brandice,Lambrecht,blambrechtpx@123-reg.co.uk,Female,236.84.90.235
935,Vin,Ellson,vellsonpy@comcast.net,Male,160.2.79.212
936,Bartholomeo,Coyle,bcoylepz@feedburner.com,Male,147.9.228.159
937,Julius,MacCartan,jmaccartanq0@infoseek.co.jp,Male,180.17.125.67
938,Hillie,Goacher,hgoacherq1@google.com.br,Male,26.70.140.19
939,Keane,Lanney,klanneyq2@mediafire.com,Male,181.86.226.217
940,Thelma,Brendish,tbrendishq3@walmart.com,Female,39.166.131.161
941,Hammad,Altree,haltreeq4@msn.com,Male,6.234.154.65
942,Damien,Zecchinelli,dzecchinelliq5@dmoz.org,Male,218.219.246.127
943,Faustine,McCalister,fmccalisterq6@kickstarter.com,Female,252.95.22.123
944,Myrwyn,Rowlands,mrowlandsq7@fotki.com,Male,200.253.227.207
945,Judon,Waddie,jwaddieq8@github.io,Male,113.38.43.140
946,Glory,Penni,gpenniq9@phpbb.com,Female,139.86.184.95
947,Stefano,Cram,scramqa@gravatar.com,Male,234.144.163.236
948,Abeu,Bloss,ablossqb@who.int,Male,236.152.75.70
949,Ashla,Ladbrook,aladbrookqc@pcworld.com,Female,220.68.40.200
950,Gibb,Grayshan,ggrayshanqd@facebook.com,Male,138.83.253.30
951,Lisle,Capner,lcapnerqe@e-recht24.de,Male,236.237.236.54
952,Susy,Hercules,sherculesqf@rakuten.co.jp,Female,222.48.237.48
953,Sherwin,Kaubisch,skaubischqg@cnn.com,Male,75.26.31.103
954,Say,Fallen,sfallenqh@ftc.gov,Male,12.137.41.158
955,Celie,Barosch,cbaroschqi@wiley.com,Female,30.199.246.3
956,Jonathon,Artinstall,jartinstallqj@trellian.com,Male,218.104.32.53
957,Major,Hinzer,mhinzerqk@tinypic.com,Male,105.182.192.20
958,Cheston,Hartington,chartingtonql@chron.com,Male,136.100.13.248
959,Elana,Stallen,estallenqm@furl.net,Female,57.139.182.36
960,Genovera,Nassau,gnassauqn@addtoany.com,Female,36.15.88.112
961,Glori,Plaskett,gplaskettqo@usa.gov,Female,162.75.114.149
962,Thane,O'Callaghan,tocallaghanqp@who.int,Male,162.138.154.135
963,Allys,Rozanski,arozanskiqq@washington.edu,Female,101.20.189.133
964,Kalindi,Tallyn,ktallynqr@ezinearticles.com,Female,178.35.248.203
965,Mohammed,Drewe,mdreweqs@ft.com,Male,200.209.194.96
966,Hadrian,Mumbray,hmumbrayqt@vimeo.com,Male,91.64.239.56
967,Judye,Hew,jhewqu@reddit.com,Female,28.105.36.230
968,Tommie,Gallardo,tgallardoqv@va.gov,Female,4.187.204.139
969,Meridith,Rabl,mrablqw@gnu.org,Female,7.59.82.140
970,Federico,Gotecliffe,fgotecliffeqx@pbs.org,Male,143.241.242.73
971,Tony,Arkin,tarkinqy@icq.com,Female,96.215.184.45
972,Leonelle,Dagnall,ldagnallqz@google.it,Female,25.204.147.213
973,Costa,Cobson,ccobsonr0@example.com,Male,43.171.162.219
974,Reine,Croke,rcroker1@gnu.org,Female,250.110.66.228
975,Ted,Barrowclough,tbarrowcloughr2@ox.ac.uk,Male,112.173.102.158
976,Alasteir,Philpot,aphilpotr3@vinaora.com,Male,216.184.69.31
977,Virgil,Agronski,vagronskir4@flavors.me,Male,174.32.25.30
978,Constance,Rosenschein,crosenscheinr5@taobao.com,Female,71.91.33.118
979,Miner,Haburne,mhaburner6@google.fr,Male,147.213.134.115
980,Dennet,Sleight,dsleightr7@delicious.com,Male,63.246.111.52
981,Barnie,Abramin,babraminr8@businesswire.com,Male,123.145.92.125
982,Carine,Growy,cgrowyr9@bloglines.com,Female,66.27.179.193
983,Annamarie,Widmore,awidmorera@yellowpages.com,Female,23.143.190.213
984,Lemmy,Jaffa,ljaffarb@mapquest.com,Male,48.125.29.84
985,Chad,Mehmet,cmehmetrc@apache.org,Male,233.143.10.213
986,Melosa,Bewly,mbewlyrd@timesonline.co.uk,Female,194.93.105.147
987,Randy,Scrimgeour,rscrimgeourre@yahoo.com,Male,175.208.162.161
988,Tyson,Purslow,tpurslowrf@sciencedaily.com,Male,106.101.131.252
989,Dolf,Echalie,dechalierg@domainmarket.com,Male,87.105.66.244
990,Kellsie,Christoffersen,kchristoffersenrh@va.gov,Female,54.217.90.84
991,Lynett,Bloan,lbloanri@google.co.jp,Female,195.132.38.115
992,Charity,Tarbath,ctarbathrj@ycombinator.com,Female,184.219.41.190
993,Nollie,Limming,nlimmingrk@youtube.com,Female,78.56.65.196
994,Barton,Skittles,bskittlesrl@time.com,Male,148.17.240.225
995,Alexander,McSkeagan,amcskeaganrm@craigslist.org,Male,72.55.133.162
996,Odelia,Knappe,oknappern@cyberchimps.com,Female,198.36.242.167
997,Cissiee,Staten,cstatenro@wix.com,Female,216.222.231.212
998,Lyda,Kelledy,lkelledyrp@behance.net,Female,163.199.156.143
999,Neall,Flatt,nflattrq@drupal.org,Male,148.87.135.23
1000,Alejandrina,Walak,awalakrr@google.ca,Female,242.168.86.163
